Timestamp,Model,Question,SQL,Explanation
2025-07-16 06:26:18,Gemini 1.5 Flash,make a sql queries from sentiment_results,SELECT * FROM sentiment_results,"This SQL query simply retrieves all columns (*) from all rows in the table named `sentiment_results`.  It's like saying ""give me everything from the sentiment_results table""."
2025-07-16 06:27:02,Gemini 1.5 Flash,write a queriesr anish get 60 marks ,SELECT * FROM students WHERE name = 'anish' AND marks = 60;,"This SQL query searches a table called ""students"".  It's looking for all the information (*) about any student whose name is exactly 'anish' AND whose marks are exactly 60.  Only students matching *both* conditions will be included in the results.  If a student has the name 'Anish' (different capitalization), or a mark of 59 or 61, they won't be returned."
2025-07-16 06:34:54,Gemini 1.5 Flash,make a sql queries from sentiment_results,SELECT * FROM sentiment_results;,"This SQL query simply retrieves all columns (`SELECT *`) from all rows (`FROM`) of a table named `sentiment_results`.  In other words, it displays the entire contents of the table."
2025-07-16 06:39:41,Gemini 1.5 Flash,make a sql queries from sentiment_results,SELECT * FROM sentiment_results;,"This SQL query simply says: ""Get all columns and all rows from the table named `sentiment_results`"".  It's the most basic way to retrieve all the data within that table."
2025-07-16 06:40:01,Gemini 1.5 Flash,write a queries in student data,SELECT * FROM student_data;,"This SQL query simply means:  ""Get all columns (*) from all rows in the table named `student_data`.""  It's a basic query to retrieve the entire contents of the table."
2025-07-16 06:40:11,Gemini 1.5 Flash,write a queries in student data,SELECT * FROM student_data;,"This SQL query simply says:  ""Get all columns (*) from all rows in the table named `student_data`.""

In other words, it retrieves the entire contents of the `student_data` table."
2025-07-16 06:40:35,Gemini 1.5 Flash,create a table on student,"CREATE TABLE student (
    -- Add columns here with their respective data types and constraints
);","That SQL statement doesn't *do* anything except create an empty table named `student`.  Think of it like creating an empty filing cabinet labeled ""student"".  

The `CREATE TABLE student` part tells the database to make a new table called ""student"".  The parentheses `()` are where you'd define the different ""drawers"" (columns) inside that cabinet, specifying what kind of information each drawer will hold (data types) and any rules for that information (constraints).  Since there's nothing inside the parentheses yet, the ""student"" table is currently completely empty.  You'd need to add things like:

```sql
CREATE TABLE student (
    student_id INT PRIMARY KEY,  -- A unique ID number for each student
    first_name VARCHAR(255),   -- Student's first name (text, up to 255 characters)
    last_name VARCHAR(255),    -- Student's last name (text, up to 255 characters)
    grade_level INT             -- Student's grade level (a number)
);
```

This *would* create a table with columns to store student IDs, first names, last names, and grade levels.  The `PRIMARY KEY` constraint ensures each student has a unique ID.  Only after adding these column definitions would the `CREATE TABLE` statement actually define a usable table."
